{
  "host_shape": [
    256,
    192
  ],
  "capacity": 192,
  "pso": {
    "alpha": 0.11714856009869072,
    "fitness": 0.934004584991388,
    "psnr": 47.763258196923005,
    "ssim": 0.99441855447295,
    "nc_clean": 0.9828067413836207,
    "mean_nc_attacks": 0.876718437823226,
    "nc_by_attack": {
      "jpeg": 0.9302220664868831,
      "noise": 0.9509234034079381,
      "rotation": 0.7883659070782605,
      "scaling": 0.7822931488937508,
      "translation": 0.9317876632492972
    }
  },
  "gwo": {
    "alpha": 0.11489908399842667,
    "fitness": 0.9329380934346412,
    "psnr": 47.93145865204573,
    "ssim": 0.9946258679478474,
    "nc_clean": 0.9828067413836207,
    "mean_nc_attacks": 0.8702767865942157,
    "nc_by_attack": {
      "jpeg": 0.9205497078951697,
      "noise": 0.9509234034079381,
      "rotation": 0.7733832178046076,
      "scaling": 0.7747399406140656,
      "translation": 0.9317876632492972
    }
  }
}